50708,Leuven_1,nan,nan
50692,Leuven_1,29.273332096281507,5.686604834616788
50703,Leuven_1,33.05118503267803,6.717205144715055
50698,Leuven_1,33.04561288016183,6.563828141714657
50686,Leuven_1,33.120467095147994,7.751743686906268
50697,Leuven_1,36.197179415869336,8.379578936272605
50694,Leuven_1,34.38078053792318,6.745445321851759
50690,Leuven_1,36.29570184435163,7.093976000279584
50700,Leuven_1,35.56101962498256,4.9508949170169245
50693,Leuven_1,32.061905558147124,7.923932863061676
50685,Leuven_1,29.644897839379688,7.134518123337745
50704,Leuven_1,31.73531579214429,5.432606761016458
50699,Leuven_1,33.778934070042204,6.377312251849776
50688,Leuven_1,31.59385293627542,7.3906958132546015
50707,Leuven_1,32.893072764078774,7.008682741535338
50710,Leuven_1,35.7507817101857,7.537065265152527
50691,Leuven_1,31.853009329901802,7.3690769127533295
50695,Leuven_1,31.798331972152468,5.3480475473194
50706,Leuven_1,34.546480118282254,7.404857116292126
50696,Leuven_1,34.47301097143264,6.152871919299289
50682,Leuven_1,31.91603989071316,7.37218247505367
50702,Leuven_1,31.88258855305021,5.537172424651867
50689,Leuven_1,32.91956361134847,6.173274967787663
50711,Leuven_1,37.852314252702016,4.758852916887179
50701,Leuven_1,35.39800238230872,7.082614836732256
50687,Leuven_1,33.33235035245381,6.036072105354032
50705,Leuven_1,31.815583395579505,7.194068198366768
50709,Leuven_1,30.65115351904006,7.263017834819279
50683,Leuven_1,35.25897637624589,6.5265803570153915
51573,SBL,51.18250704483247,7.119556782551041
51574,SBL,47.568986059914174,6.295597820404231
51576,SBL,52.414286814944845,6.522162105604899
51578,SBL,52.333946496668,6.746178694430216
51585,SBL,51.028050865925536,7.100390275653024
51559,SBL,47.839448149775116,6.517653741540672
51577,SBL,51.02529429046201,6.996116450321475
51583,SBL,50.25295757239973,7.696325422805593
51563,SBL,48.727823123125965,6.533703788877433
51581,SBL,46.04601406043684,6.461257877664438
51572,SBL,51.49545314950003,6.606899970461111
51560,SBL,53.17517928002586,6.604399750337833
51580,SBL,49.79289809750839,7.215809372256922
51556,SBL,49.461679001929056,7.241230558720882
51570,SBL,51.83168454237387,6.796911085690976
51569,SBL,51.480754100101095,6.774934540335222
51584,SBL,52.09090149570519,7.277096548327173
51566,SBL,52.95262935799612,6.526920923333808
51571,SBL,51.516784345599966,6.746640036792691
51561,SBL,47.62411149790589,6.7861623932307
51567,SBL,52.31160752202423,6.616125173079716
51568,SBL,50.42455957976865,7.2810635266378405
51582,SBL,51.107247366032134,7.559840214315852
51558,SBL,55.25718715828909,5.7557617764298685
51557,SBL,48.48558802000234,6.365201565471328
51579,SBL,50.580209973832254,7.643211075208322
51565,SBL,52.94327265779737,6.384819277448695
51562,SBL,52.37576245589995,6.622882503694633
51575,SBL,49.02846451880227,7.080213780090652
51564,SBL,46.00231272737745,5.507660589887316
50668,CMU_a,9.493462538955235,5.102202976567575
50663,CMU_a,25.27881203757392,16.055246373578868
50666,CMU_a,13.734044434532287,4.3243846334019445
50646,CMU_a,13.943958188047503,10.186990210962769
50649,CMU_a,13.011853628819532,8.308412668187502
50642,CMU_a,15.56152393267705,7.295634848593743
50665,CMU_a,11.157711071543174,7.2955993744282965
50647,CMU_a,15.994744447198245,8.002661482147767
50664,CMU_a,11.537257406971243,6.676562324615223
50659,CMU_a,17.5687322767954,7.126633523769967
50653,CMU_a,16.9817670413426,6.543114988702646
50656,CMU_a,29.15764840443929,5.924432508698241
50660,CMU_a,20.924408723437598,7.796183589384991
50654,CMU_a,9.528636746477373,7.09570314525778
51239,UCLA_1,23.039738246372767,6.935524732588046
51225,UCLA_1,29.388268016633532,6.414112229776907
51227,UCLA_1,23.76089276207818,8.453880257070134
51226,UCLA_1,22.43570762210422,6.221347291104683
51209,UCLA_1,26.879819347744895,13.342835618919317
51214,UCLA_1,23.952705065409344,11.28591903827283
51267,UCLA_1,24.596138182140532,14.616368264098826
51278,UCLA_1,21.60816266801622,7.776282717883703
51276,UCLA_1,20.590712744092183,5.527362743790846
51202,UCLA_1,30.377263417319647,13.704137352427852
51222,UCLA_1,21.743487804655043,8.794271588442431
51235,UCLA_1,18.60729300029694,8.995079705692154
51249,UCLA_1,29.19288518693712,14.793683282078804
51230,UCLA_1,28.882832845052082,11.484959225362678
51205,UCLA_1,25.109000508747403,5.937793964656275
51261,UCLA_1,19.657510250333754,3.839609559305835
51256,UCLA_1,21.75013713988047,9.194050379339137
51236,UCLA_1,25.792647043863933,5.481451451699297
51241,UCLA_1,25.276004851810516,7.163313440747268
51231,UCLA_1,18.155981184944274,4.3129726621331175
51266,UCLA_1,25.091342418912856,11.155638365310313
51262,UCLA_1,27.343928034343417,12.208854007938898
51248,UCLA_1,32.71148325904967,12.70978911436724
51259,UCLA_1,29.73788031320723,12.471879069176882
51253,UCLA_1,25.1585889922248,13.722447128529083
51274,UCLA_1,23.379191481877886,8.456419364165043
51257,UCLA_1,32.80318449413966,14.278923208525095
51269,UCLA_1,18.231553047422377,5.087641952390793
51207,UCLA_1,29.936247114151243,14.754597967862841
51260,UCLA_1,26.176964865790474,4.270856253156465
51265,UCLA_1,24.76020062158978,10.73426278319645
51215,UCLA_1,25.25618429032583,12.013003299111908
51229,UCLA_1,24.869400932675315,8.18980344928775
51219,UCLA_1,35.13330448241461,18.2491351846122
51206,UCLA_1,20.123063322097536,10.838185857619315
51250,UCLA_1,20.920792836991566,12.889447169402999
51281,UCLA_1,22.0890594815451,9.363927111131
51203,UCLA_1,28.690560840425036,11.797351894171822
51240,UCLA_1,25.235826984284415,11.840553953247918
51258,UCLA_1,31.925574196709526,15.316333485818676
51273,UCLA_1,26.247310396224734,9.128770900257134
51254,UCLA_1,26.244028893728103,11.992316552027757
51263,UCLA_1,14.24159277610059,3.711112786889833
51268,UCLA_1,24.35028127640013,11.297918052244702
51213,UCLA_1,28.244644513205877,13.201064479056623
51271,UCLA_1,21.501131693522137,15.042433396367771
51275,UCLA_1,28.94918978403485,14.197957862838479
51234,UCLA_1,28.466872957017685,12.805417765165322
51216,UCLA_1,31.91272364722358,15.052125483175821
51201,UCLA_1,27.284697282881964,11.978149699514224
51228,UCLA_1,25.131438906230624,2.6031664942928243
51221,UCLA_1,24.529222776019385,13.118252042178918
51264,UCLA_1,28.583354874262735,12.20717743041839
51277,UCLA_1,25.84037384911189,15.410119719577576
51280,UCLA_1,23.01411823999314,4.720096729169985
51238,UCLA_1,25.123394050295392,14.576818490338663
51237,UCLA_1,29.02565083428035,15.366040519390307
51210,UCLA_1,22.986603918529692,8.697144333789675
51204,UCLA_1,32.376054688105505,11.607782799647419
51217,UCLA_1,21.24893061319987,3.060756171035951
51272,UCLA_1,25.706356593540736,4.304941450345719
51279,UCLA_1,20.55612596632942,4.333445502170737
51208,UCLA_1,32.76766082218715,12.447229934427487
51212,UCLA_1,21.084706995222305,11.420583155210492
51251,UCLA_1,30.146514271932936,11.366778818926514
51223,UCLA_1,26.592120458209326,9.679391208774826
51224,UCLA_1,18.316137260860867,4.6031457501757895
51220,UCLA_1,22.48587467556908,6.910251845985833
51211,UCLA_1,27.970717309013246,12.865609220867976
51282,UCLA_1,28.01099129328652,3.8272334026510215
51218,UCLA_1,31.954115231831867,13.5202034502359
51252,UCLA_1,27.699867551288907,8.751256782546681
51255,UCLA_1,32.07413257114471,13.695351353793205
51096,NYU,25.80959267086453,9.596157235556358
51053,NYU,26.826141834259033,10.912445932307062
50995,NYU,29.464677114335316,12.866848236000788
51118,NYU,28.248924058581157,9.766888344075422
51155,NYU,30.10607475704617,15.80738422152692
51104,NYU,29.378576195429243,16.618125844200392
51113,NYU,32.36236258158608,15.804509040565865
51068,NYU,33.35298076508537,13.407414406757987
51121,NYU,37.66579438769628,13.8964272907503
51123,NYU,37.116954394749236,13.231597545394687
51026,NYU,29.356249498942542,14.398448529286384
50981,NYU,34.71149730682373,14.558008212466525
51091,NYU,30.787446915157258,13.190998336836211
51033,NYU,36.75651173364548,16.766700281167502
51045,NYU,32.69061451866513,14.160205922307512
51150,NYU,31.819476415240576,13.809816829107536
51025,NYU,25.77553755896432,11.416723024049947
50994,NYU,37.99317965431819,16.378770707085934
51129,NYU,33.2114888827006,15.764893962692598
50978,NYU,40.186148794870526,13.950517984877932
51014,NYU,34.98051985483321,12.881463441073091
50991,NYU,40.28793513585651,15.405086860877615
51058,NYU,37.22697939191546,14.23738073744431
50996,NYU,26.691093914092534,10.05176317977689
51084,NYU,33.85244156065441,15.044379959321692
51006,NYU,36.367064142984056,13.349637027472617
51117,NYU,30.547401761251784,12.114718832237612
51029,NYU,30.29650975030566,15.62034817200447
51081,NYU,32.06246224660722,11.286010815043682
50973,NYU,31.32171810997857,13.626027947896493
50987,NYU,36.47225664532374,15.237640489852753
51120,NYU,33.189724271259614,13.765710532209829
51154,NYU,33.86436684926351,15.870053735977152
51159,NYU,29.9762697976733,12.908271418326702
51128,NYU,24.343948508065843,11.731977131697708
51148,NYU,37.20274035135905,14.879933450110304
50979,NYU,29.976961574857196,13.040790227022354
51119,NYU,26.21815682214404,13.021473988209499
51052,NYU,33.96310972788977,13.725468880082119
50955,NYU,38.55347863454667,16.264844518117997
50975,NYU,33.090602723378986,15.603447196336159
51000,NYU,32.417111767662895,16.42619279412252
51060,NYU,36.46939026363312,13.963061023581368
51086,NYU,27.82426269470699,10.041036382857788
50962,NYU,38.51058495233929,10.928861707486341
51065,NYU,31.707041361975293,12.895592194664205
50966,NYU,34.62847893578665,16.369832387583738
50982,NYU,27.23049991849869,11.462607967462471
51039,NYU,32.34603479173448,9.02571869717533
50980,NYU,35.10718817937942,13.787336246381303
51130,NYU,33.9991962644789,13.658684985679553
51089,NYU,35.56548831576393,14.855762622879027
51038,NYU,34.40705506763761,12.57366515690048
51108,NYU,36.03127842857724,14.333715491577262
51109,NYU,29.303186030614945,13.352178533887196
50983,NYU,30.3611324249752,14.985291147262727
51050,NYU,36.49896120646643,13.049165991794009
51076,NYU,29.548810292804053,14.865869703303082
50972,NYU,25.13231150309245,13.687473108687875
50970,NYU,33.631795005192835,14.833781665887404
51021,NYU,36.395981092301625,16.2735021729016
51069,NYU,32.5088479632423,13.263034329446903
50953,NYU,37.97530162145221,13.513430899261637
50989,NYU,26.327316269042,6.739002035717917
51078,NYU,30.162162826174782,13.375626235366875
51046,NYU,31.887943510025266,8.6218693378387
51110,NYU,26.49599013252864,16.51114505997817
50965,NYU,30.585197880154563,15.241083571459574
51102,NYU,29.005446449158683,14.279484768875657
51024,NYU,34.59656946999686,15.97702467900399
51054,NYU,30.019138866000706,8.723113113661045
51001,NYU,32.03299592033265,14.137409084164872
51079,NYU,34.27259652576749,14.873746803616553
50961,NYU,37.23702404991029,11.992518789294564
51103,NYU,28.04002018580361,13.543389023330498
51003,NYU,35.124957357134136,13.695821079554326
51013,NYU,31.332515534900484,6.660097724612725
51044,NYU,37.00953834775894,16.43387117158335
51016,NYU,26.472684209308927,12.234152157039553
51015,NYU,32.67119889032273,16.905710890581815
51017,NYU,28.997452206081814,16.51728356259444
51030,NYU,34.79950423467727,14.673798077098851
51126,NYU,35.397844148060635,13.418349970919564
51034,NYU,31.54460909253075,16.081155385523598
51107,NYU,26.344384140438503,12.103417723809363
51147,NYU,24.06839382837689,10.123911886606061
51094,NYU,32.15258058669075,15.925055374393795
50957,NYU,37.42008967626663,10.012205129480613
51156,NYU,28.85009671771337,11.086772246479464
51153,NYU,28.527488647945344,11.753332851942604
51036,NYU,37.44795320904444,12.524259371874464
51082,NYU,28.43139542473687,15.588766240477861
50969,NYU,36.41218736436632,15.556847020655091
51097,NYU,26.00771495274135,12.04424984210489
51152,NYU,30.390513904510982,15.339117327079947
51093,NYU,35.06558568137033,14.418579049209804
50967,NYU,38.0750554705423,12.366071184963227
51019,NYU,27.609444951254225,9.201577041718714
50999,NYU,33.73118866814507,14.486325052290052
51066,NYU,32.8946270261492,9.70443948049748
51035,NYU,33.42403201451377,11.31392583701056
51122,NYU,29.11151927614969,15.253497023597037
51087,NYU,25.245009785606747,8.576756091018483
51095,NYU,30.830789490351602,13.334622759870705
51124,NYU,22.562129838126047,11.02088910644388
51112,NYU,37.278174127851216,16.633350436493924
51131,NYU,30.64410765208895,14.09490255996499
51051,NYU,39.262762084839835,13.863890342999918
51101,NYU,33.55541258009653,13.18416151959984
51115,NYU,22.58474598233662,7.803217477785406
51149,NYU,35.941857489328534,12.344656593021302
51011,NYU,30.754237023610916,12.445215487701098
51057,NYU,35.55483618236723,13.396809960213773
51056,NYU,37.08059948209732,16.279774201314087
50985,NYU,33.67567655775282,15.804109620103775
51125,NYU,32.91982590206086,13.307285877785983
50984,NYU,30.520318228100972,15.708638478954098
51099,NYU,29.868617239452544,9.706001490748465
50952,NYU,35.73607202560183,12.975981056059908
50986,NYU,34.15789808545794,15.409502851227606
51028,NYU,29.183929231431748,12.175492773487578
50990,NYU,22.506430603208997,6.1046778335402125
50958,NYU,31.960795675005233,11.738881897945966
51055,NYU,35.81150448511517,10.760334966583681
51111,NYU,21.965437654464964,6.7158714798311685
51073,NYU,35.31683949061802,13.369640579736796
51040,NYU,33.76126119825575,12.384894084472965
51098,NYU,28.57422683352516,8.951335610519086
51049,NYU,31.442135962228928,13.222462312355537
50959,NYU,36.22510387783959,13.523108095377395
51071,NYU,32.48588151780386,16.695430091426005
51002,NYU,31.221133565145827,10.800620938242695
50960,NYU,36.25468599228632,16.721952479915235
51080,NYU,32.176171847752165,13.316421015559689
51151,NYU,26.69217233809214,12.369063091066957
50997,NYU,23.02855704322694,9.107694178499406
51020,NYU,31.206911995297386,14.75894798181221
50977,NYU,27.076517642490447,10.310836803301344
51085,NYU,27.25591152433365,6.397369155699238
51114,NYU,26.777501227363707,12.83294652131473
51048,NYU,30.5287533411904,15.314878846727126
51127,NYU,30.259164446876163,15.379872462111141
50998,NYU,33.8551918665568,17.04757854160859
51041,NYU,37.58572278703962,11.413454873610068
51027,NYU,32.613028632269966,17.651663458856916
51007,NYU,36.72239928775363,13.661987165597159
50974,NYU,33.930248760041735,14.50799526984974
51023,NYU,31.58644119141594,18.816318960207585
51008,NYU,40.64405884818425,15.831137017621025
50956,NYU,37.940162371075346,13.755654903408294
51010,NYU,29.509777901664613,10.483686832722164
51116,NYU,32.28370293359908,13.919807732506099
50988,NYU,36.020919269985626,13.563219482181006
51009,NYU,25.734592150128076,9.598107056794627
51067,NYU,25.339583760216122,9.325499001246374
51018,NYU,29.898594038827078,13.333839479526226
51090,NYU,28.35900754777212,6.797256728654847
51088,NYU,33.454479595971485,14.474493143865184
51075,NYU,31.088654245649064,13.424233709647767
51077,NYU,35.30077234903971,14.695473337574198
51061,NYU,38.72985461401561,14.348849765194402
51062,NYU,37.34666725945851,10.763324649487918
51074,NYU,32.328186701214506,16.182371409909045
50954,NYU,38.91804477146694,12.93294983128839
51063,NYU,34.82946937803238,12.545865626609451
50964,NYU,26.462602009848943,10.610920115789263
50992,NYU,31.072563216799782,8.562680369235784
50968,NYU,31.834090157160684,12.99986277227631
51012,NYU,34.883293621123784,12.695966723213235
51105,NYU,30.357148881942507,8.094841620214611
51070,NYU,31.622131150866313,13.201478349718984
51059,NYU,40.53717847854372,12.300865763096247
50971,NYU,31.046456806243413,10.49394064397909
51047,NYU,32.253185408455984,13.382046525206956
51083,NYU,30.901769744025337,14.496290529637054
51072,NYU,37.81313084799146,16.31516241118302
50993,NYU,37.162214445689365,14.808295599381507
50976,NYU,33.125788416181294,15.281510218017925
51032,NYU,34.539618976532466,13.378614330661074
51064,NYU,34.37354626731267,12.258390369091787
51100,NYU,32.86058527325827,12.872326399303965
51106,NYU,27.37125950010996,13.86602431277352
51042,NYU,37.3349866110181,16.126746617694575
51146,NYU,33.472197229900054,15.885164463869895
51482,Caltech,19.602637843480185,4.908382716547604
51488,Caltech,22.780265217735653,4.573159316115188
51478,Caltech,18.22903540020897,4.646339519302671
51493,Caltech,18.8477015268235,4.892745374586413
51457,Caltech,12.986759507466877,4.016449825084387
51461,Caltech,17.752975861231487,15.702842489324954
51459,Caltech,17.864563578651065,6.435635339619752
51475,Caltech,12.088119624153016,5.799359976277745
51467,Caltech,15.774703472379654,3.109752225728255
51485,Caltech,12.89869313012986,4.610297337694841
51465,Caltech,28.158687244762074,3.9988635770158076
51492,Caltech,12.086554069367667,4.638872643896134
51470,Caltech,12.939969585055398,3.639341335287979
51471,Caltech,27.13905688694545,7.15056736428057
51476,Caltech,15.884654060242669,5.895611304321124
51463,Caltech,15.355611475687178,3.0275505218535392
51481,Caltech,16.841558971102277,5.536779993216784
51483,Caltech,13.592371728685167,3.756662049535997
51466,Caltech,17.30617674570235,4.720134978268091
51489,Caltech,13.944708589523557,4.817374339891323
51486,Caltech,12.504174289249239,4.077596023317322
51458,Caltech,17.646962233952113,3.832932471273001
51487,Caltech,19.493786032237704,5.72538651412572
51477,Caltech,22.50792898450579,7.410178552086601
51456,Caltech,16.232376681433784,3.183955986107402
51474,Caltech,14.755496895502484,4.408481847036013
51490,Caltech,19.491185907333616,4.372313100174071
51462,Caltech,12.72904089897398,4.770307035467799
51473,Caltech,13.684676503378247,3.8576730754717006
51460,Caltech,18.295206138065883,4.220621842622596
51469,Caltech,15.314840483287025,3.5351641841630657
51464,Caltech,12.391431861453587,3.7120512128795364
51468,Caltech,11.640441077096122,3.952275602251036
51472,Caltech,11.252609949263315,4.1565580429522795
51484,Caltech,15.430295645244538,7.613085330132067
51479,Caltech,22.866489819117955,8.300070364410097
51480,Caltech,24.404942588200644,9.883572777785943
51491,Caltech,17.687614176008438,6.123976886104388
51338,MaxMun_c,16.402016722966753,3.492264551977393
51343,MaxMun_c,14.160198798255315,7.338159948465167
51340,MaxMun_c,11.69312530472165,5.628395870468179
51339,MaxMun_c,12.993709772352188,5.612815117901312
51344,MaxMun_c,11.730296532313028,4.682082955919122
51335,MaxMun_c,23.05848370658027,5.974764692475525
51336,MaxMun_c,14.464022946736169,4.935583734449018
51345,MaxMun_c,15.52012865127079,4.3797565645606475
51346,MaxMun_c,14.496209829572647,6.234018396482258
51333,MaxMun_c,21.339500230456157,6.0962424658147105
51348,MaxMun_c,7.98966766160632,2.2573599118818373
51332,MaxMun_c,16.072799841562908,6.1014898058539195
51341,MaxMun_c,13.875650205309428,7.163105772836786
51328,MaxMun_c,9.207797481900169,4.156682890747339
51342,MaxMun_c,10.263979790702699,4.329417210541071
51347,MaxMun_c,11.395060342455666,4.438000591922512
51334,MaxMun_c,17.684539991711812,6.634426345719223
51357,MaxMun_d,13.153467836834135,3.3559889349886105
51329,MaxMun_d,10.80430547774784,5.028002753571855
51352,MaxMun_d,14.188240717327783,7.907668558172169
51356,MaxMun_d,11.6689652109903,3.8545289165756946
51353,MaxMun_d,11.779416614108616,4.516172107002991
51359,MaxMun_d,8.399514364817787,3.715767080114821
51360,MaxMun_d,9.645973330452328,5.770523745790364
51331,MaxMun_d,7.639456211574494,3.142085936049049
51350,MaxMun_d,12.768649718118093,8.030143516881774
51361,MaxMun_d,12.890936991525075,3.7270896126429336
51358,MaxMun_d,12.296430924582102,9.855276539979757
51330,MaxMun_d,10.339646301572285,4.094971947418333
51349,MaxMun_d,11.655628340584892,6.204483310733737
51351,MaxMun_d,12.722552151907058,10.353294657016033
51355,MaxMun_d,12.04485831941877,3.536167239949618
51354,MaxMun_d,13.91862430269756,5.399471278423044
51189,Stanford,23.356854832361616,2.42795200050944
51171,Stanford,27.63756275177002,8.882320180536675
51169,Stanford,23.77588423471602,2.292212623250891
51188,Stanford,25.51862135387602,6.358899375671141
51187,Stanford,25.176444159613716,2.00750927071941
51162,Stanford,29.303717053125776,4.510839258715533
51190,Stanford,23.148498005337185,4.18062628657281
51174,Stanford,22.9919955692594,3.2842051089818654
51179,Stanford,20.904993534088135,2.136899510371273
51193,Stanford,24.00365161895752,1.5270306640982338
51166,Stanford,19.80789161863781,2.1682195588015474
51163,Stanford,21.98797242603605,1.4594855167551422
51170,Stanford,21.798756432911706,1.6727563211764995
51180,Stanford,26.26108145335364,3.6914263531754514
51178,Stanford,20.957936150687082,1.6642384902013798
51196,Stanford,23.40658038003104,1.893260859480738
51176,Stanford,25.356376299782404,3.0581256346779138
51197,Stanford,27.318853877839587,9.36378777926726
51173,Stanford,27.109137292892214,2.8346681081688625
51168,Stanford,27.892824596828884,8.260610302200142
51195,Stanford,25.666404164026655,2.39143873552272
51184,Stanford,29.691104041205513,7.228263075586949
51186,Stanford,27.545296002948096,5.817324418052828
51192,Stanford,25.238796309819296,1.835260357398963
51167,Stanford,26.735709553673153,4.650138922893299
51191,Stanford,25.94628079732259,2.4191667524222216
51182,Stanford,31.883044666714138,8.760864454875982
51185,Stanford,26.09331784929548,1.9151598820317626
51164,Stanford,25.123210619366358,1.7474719119204514
51199,Stanford,19.302237162514338,1.3819828590232714
51183,Stanford,21.986134544251456,2.044712138449054
51194,Stanford,19.07020026161557,1.6671866084337943
51198,Stanford,21.951032577999054,1.5329024024313451
51165,Stanford,22.381956115601554,2.15482284067933
51181,Stanford,24.92375267876519,1.4311369399732106
51160,Stanford,22.317547071547736,2.408609548236526
51177,Stanford,18.36282970791771,2.2893944950539145
51161,Stanford,22.228409842839316,1.644923525871965
51172,Stanford,19.2996854176597,1.6408826957878107
51175,Stanford,17.55186190680852,1.5836161476325088
50725,Leuven_2,33.088954622783355,7.622613270659046
50737,Leuven_2,32.82116034674266,5.4122697061849445
50754,Leuven_2,37.616470897008504,5.539368510146347
50757,Leuven_2,38.845153581528436,5.700165604527482
50744,Leuven_2,37.12559021843804,4.499929738658944
50733,Leuven_2,37.37737408895341,4.532450375153771
50749,Leuven_2,36.25726226019481,7.470270793420317
50738,Leuven_2,37.217807255094016,5.169858994953819
50724,Leuven_2,33.403887370276074,4.90476522144783
50751,Leuven_2,39.9154207290165,4.654694212885293
50735,Leuven_2,39.56504173884316,3.9807444948636346
50747,Leuven_2,33.689302822900196,5.683377117431293
50722,Leuven_2,38.01101177457779,3.4616553300359802
50739,Leuven_2,32.4192151266431,6.838210802959397
50752,Leuven_2,38.76915874178447,5.529531326961389
50745,Leuven_2,39.48265045408218,4.734796240353157
50748,Leuven_2,42.34704642825656,9.435792372326894
50730,Leuven_2,37.3101692199707,6.039333305198663
50746,Leuven_2,35.43822230989971,6.910369003037674
50743,Leuven_2,39.301475312974716,5.597215412749003
50742,Leuven_2,32.6080773822845,6.581249945870002
50736,Leuven_2,41.42059680393764,5.82643322409288
50734,Leuven_2,37.58399792323037,5.757587877143018
50732,Leuven_2,32.56504105764722,5.423313618371735
50741,Leuven_2,37.24683711642311,4.083944871879378
50753,Leuven_2,32.877811235094825,5.5170633057319955
50750,Leuven_2,30.13503050425696,9.584159993288374
50740,Leuven_2,36.827458941747274,4.62677671395118
50728,Leuven_2,39.253789387052024,5.095425347917808
50731,Leuven_2,35.50788790082175,4.8155159000505305
50723,Leuven_2,38.18218794323149,5.822740784659767
50727,Leuven_2,39.770531230502655,5.253059828022123
50755,Leuven_2,39.834580587962314,5.334410003313465
50726,Leuven_2,30.675760950360978,7.462832052283292
50756,Leuven_2,30.534016609191895,5.505457402592633
50160,OHSU,15.847435252501233,10.546448463775052
50165,OHSU,26.875086878785993,15.76322951082952
50147,OHSU,27.640002335652266,16.34902371934714
50159,OHSU,22.067665949906452,12.900835894454463
50153,OHSU,29.52271353844369,18.429115039263543
50143,OHSU,14.978277366940338,12.25191473459516
50167,OHSU,22.720914179735846,14.482789372994416
50170,OHSU,20.83752166162623,17.264356438125336
50155,OHSU,20.272578536139594,14.353974993594468
50142,OHSU,28.928229086469894,19.043853764006972
50171,OHSU,17.119813220335704,13.25223934449013
50169,OHSU,21.98922557169848,19.401673522447318
50146,OHSU,19.835649650875883,11.805202232199967
50164,OHSU,28.99835198468501,15.534339830041743
50152,OHSU,18.037359728671536,10.836061836890039
50145,OHSU,30.109143172160234,19.402078364227222
50161,OHSU,39.297977239778724,19.31074384929415
50157,OHSU,19.50963040153579,10.447306551035739
50156,OHSU,22.505240553676494,19.24965518069034
50163,OHSU,30.869778906944955,17.878299544314135
50158,OHSU,23.863085605130337,8.336601628839395
50166,OHSU,37.901373721585415,17.988400324987413
50162,OHSU,24.969213041928736,17.33563863773479
50148,OHSU,23.717172419670785,15.697620333282275
50150,OHSU,34.79954922553336,18.89458251892103
50168,OHSU,24.320452340758674,16.231625801156486
50149,OHSU,20.600158257059533,15.604402249274472
50144,OHSU,18.77731178774692,17.082889399263447
50422,UM_2,43.86944016956148,10.400120938241555
50426,UM_2,54.7110173034668,1.8873844431952091
50385,UM_2,43.92517929077148,1.2195205330158245
50397,UM_2,56.0312971496582,1.4463917217670834
50407,UM_2,42.560909634544736,7.133585456488245
50418,UM_2,42.678719656808035,8.950815781532398
50406,UM_2,42.16647808135502,9.604861282099044
50391,UM_2,40.57718734741211,1.385383887438952
50415,UM_2,37.879896951100186,5.417557553938832
50423,UM_2,39.99362400599888,6.076980923425803
50421,UM_2,40.54452956668914,9.252717859524632
50399,UM_2,55.08947021484375,1.6833711067359278
50388,UM_2,44.783193817138674,1.3729093523356943
50404,UM_2,38.04847885313488,7.356066636990124
50402,UM_2,36.87702789003887,8.758846825302841
50382,UM_2,43.93508056640625,0.6823306735947747
50428,UM_2,57.742318289620535,1.4657604213365243
50405,UM_2,34.71886619688973,9.425173366608442
50410,UM_2,42.08713146996877,10.501344751793368
50425,UM_2,39.01739090208023,8.937703740490905
50419,UM_2,40.34802862197634,5.28630024828432
50390,UM_2,43.809647674560544,1.4904919002634625
50387,UM_2,41.94827301025391,1.063197656854688
50416,UM_2,40.50273769620865,8.991689966296986
50413,UM_2,42.77388339572482,8.38720188861963
50417,UM_2,46.818711447337314,10.300788300410886
50427,UM_2,39.93266630929614,8.881603017730093
50386,UM_2,42.33807083129883,0.7279229459030105
50383,UM_2,47.63462707519531,5.1858687538359645
50403,UM_2,33.5827814435202,9.82321424915737
50412,UM_2,43.33722735208178,9.607374586896622
50408,UM_2,38.7301203107077,5.105739112417343
50414,UM_2,41.37252356514098,7.174513145248006
50411,UM_2,35.08173645867242,4.141417604269707
50424,UM_2,44.13945611317953,11.189720553652137
51306,UCLA_2,17.052894009484184,3.1030138681224924
51291,UCLA_2,15.917754922594343,3.1597453225018954
51292,UCLA_2,21.6848273504348,3.6123506010153514
51312,UCLA_2,25.426083912925115,10.534048317091779
51311,UCLA_2,26.14993355009291,15.618179647069741
51304,UCLA_2,21.013895625159854,6.9325179516797375
51316,UCLA_2,29.384964753711035,17.050233523508698
51305,UCLA_2,20.654427846272785,4.090025682359036
51315,UCLA_2,23.824168727511452,12.337555673202292
51307,UCLA_2,26.95785912256392,14.010785544962138
51314,UCLA_2,35.09878517332531,16.138199696933697
51303,UCLA_2,22.920794335622634,4.320865848705949
51300,UCLA_2,22.15997382572719,11.468164074414673
51296,UCLA_2,10.449327889864984,16.324817573590472
51308,UCLA_2,13.806099149915907,5.635233614463061
51313,UCLA_2,25.42155068261283,11.73181964454508
51294,UCLA_2,18.461536127423482,6.218755655590572
51317,UCLA_2,27.88014046351115,15.628944931908318
51298,UCLA_2,13.318248627677796,3.5100037639871933
51302,UCLA_2,22.170244716462634,10.686199677956271
51309,UCLA_2,21.618085762811084,5.053884356580454
51301,UCLA_2,24.60873017235408,10.728478221209217
51293,UCLA_2,29.865316042824396,12.529917770990771
51295,UCLA_2,22.123721334669327,4.167919723930073
51299,UCLA_2,26.788546161046103,16.07659255416679
51297,UCLA_2,19.63906543217008,3.605025676517871
50046,Pitt,27.06538292718312,14.73394655714112
50012,Pitt,22.29015977042062,6.926564774265209
50057,Pitt,29.95146855853853,13.736874253280698
50015,Pitt,21.325901258559455,8.666413932210563
50027,Pitt,31.530659251742893,12.144022770688181
50060,Pitt,21.64906356448219,11.27106119446508
50034,Pitt,26.115029440985786,15.68163583721971
50003,Pitt,25.089815968558902,14.268697946446562
50022,Pitt,27.187241092560782,14.8175766556426
50007,Pitt,18.83867648101988,12.438560908156834
50014,Pitt,30.122642199198406,13.297901059620408
50045,Pitt,23.219952814162724,15.369044205468057
50052,Pitt,23.86966808258541,19.312586165031277
50030,Pitt,27.33710701503451,15.637644132721375
50020,Pitt,25.829762912931898,14.531110323818064
50011,Pitt,19.985283336942157,10.350465908642894
50004,Pitt,25.46349054669577,16.506821089012313
50013,Pitt,25.693328713613845,11.206720490358263
50050,Pitt,22.12285930391342,13.31509376025369
50055,Pitt,25.53799132695274,13.494924769107346
50036,Pitt,28.37081055414109,11.67101673293052
50016,Pitt,25.333658892010885,15.61255203581397
50002,Pitt,23.22550900777181,12.835042085015017
50053,Pitt,29.041149154541984,15.744241632547904
50038,Pitt,29.63023104743352,13.523281102047667
50044,Pitt,25.492087137131463,14.322841080700515
50005,Pitt,24.821767485330977,16.054366261183976
50026,Pitt,23.452005916171604,14.064982916758082
50010,Pitt,32.61645675840832,11.858681561842802
50047,Pitt,22.99019319670541,10.734798495776214
50058,Pitt,23.81885914575486,12.587631609636832
50048,Pitt,30.30816758625091,13.914708120102986
50039,Pitt,22.262554339000157,13.861830398175881
50051,Pitt,23.807106434352814,16.016341931752255
50056,Pitt,28.588122844696045,12.290967549631246
50009,Pitt,19.900740638611808,11.739056300834193
50033,Pitt,21.544947030052306,12.726800591140673
50029,Pitt,20.25187935904851,8.664789277466205
50059,Pitt,23.199039277576265,14.494787547672303
50017,Pitt,23.437941309005495,13.180787694283218
50041,Pitt,30.13749322437105,18.05270517909577
50040,Pitt,27.881653422401065,14.532008897429037
50042,Pitt,23.247239937857977,14.311620062673997
50025,Pitt,27.658428638700453,16.819742935967444
50054,Pitt,29.27785216437446,11.19290737031395
50032,Pitt,25.527814085521396,13.289231277307639
50024,Pitt,23.598028470599463,14.639247760561865
50008,Pitt,26.02375826759944,16.232472439707614
50043,Pitt,24.79131487437657,12.128151856885562
50023,Pitt,27.223801226842973,17.12826941379353
50031,Pitt,27.416550606016127,10.05975211305935
50028,Pitt,22.86999341798207,13.321128862404844
50037,Pitt,27.370466572897776,16.003673453530254
50035,Pitt,26.123146412864564,9.924708861958283
50006,Pitt,24.993222546955895,15.089838159214661
50049,Pitt,nan,nan
50019,Pitt,22.056080621386332,14.296726137075007
51325,MaxMun_b,16.87108160200573,4.932772558713007
51322,MaxMun_b,19.71639437145657,9.53007460460209
51327,MaxMun_b,17.296208873627677,4.825259955695848
51323,MaxMun_b,15.670089214567154,4.798203382994462
51326,MaxMun_b,14.489858687870086,4.373322573966889
51324,MaxMun_b,34.21255234309605,15.03803594032581
50508,USM,49.19316985115172,10.447906846546703
50528,USM,53.31076089162675,11.762581739599613
50499,USM,47.41720020960248,7.529062308568771
50498,USM,51.518553779238744,8.484040095980829
50437,USM,50.052679606846404,11.51136553680154
50488,USM,43.38069803752597,12.582212478711156
50516,USM,53.576800089033824,10.833234279101886
50459,USM,44.85957754225958,10.053289268137162
50505,USM,47.63687911866203,10.908047774570548
50468,USM,44.59035955156599,7.153895443727927
50440,USM,53.074538034106055,9.616423141069115
50436,USM,52.70785237872411,11.4972029071521
50529,USM,51.692016238258,10.000484241966552
50506,USM,49.34741359286838,11.02364077155024
50530,USM,53.96317412361266,10.427158709923573
50515,USM,51.66075727674696,9.499749263474264
50433,USM,51.82943677145337,9.686848892876114
50496,USM,49.253991021050346,8.797566773209235
50435,USM,50.548730244712225,13.499304883631407
50523,USM,42.615113712492445,9.146467344912113
50518,USM,48.788912969922265,11.014021953237567
50503,USM,53.84369062998938,8.499177899794391
50491,USM,47.08432865142822,11.35877330999826
50484,USM,46.535181136358354,9.964232067183092
50460,USM,47.22258072807675,14.547250898740932
50445,USM,50.73558825538272,9.41171861585343
50502,USM,51.28826501634386,9.884217227655812
50513,USM,49.723892317877876,12.68921265742555
50469,USM,47.68374718560113,9.387720569332375
50472,USM,53.85510356842526,8.427300816652824
50452,USM,45.940233291141574,8.92484332175125
50467,USM,49.15040361313593,10.955412105758164
50447,USM,50.88109721834697,12.536762068480728
50520,USM,51.20797393435524,10.798692131636207
50454,USM,52.58298916286893,10.192569086576553
50480,USM,37.86920550512889,6.219285030005883
50511,USM,44.34089789314876,13.711633696729551
50500,USM,40.82437111082531,10.616500504239925
50457,USM,49.841420885116335,9.403544634726126
50519,USM,32.68785584162152,0.5273246549107231
50443,USM,51.38682689363994,12.023623933381936
50473,USM,47.86014105781676,10.908320986589432
50525,USM,47.05384753999256,8.609542927366668
50444,USM,37.8217279343378,4.2667938685997235
50526,USM,48.112697540767606,8.120188226236783
50434,USM,53.97029761662559,10.453685380129988
50449,USM,50.722484558347674,12.338191578587647
50531,USM,48.75839881291465,7.4498112454303875
50492,USM,45.6503834497361,10.158136084069392
50464,USM,52.73181446014889,9.745655946592134
50514,USM,48.90447749788799,10.010167457919668
50486,USM,49.32036728329129,12.651859398103966
50494,USM,53.40569556705535,9.027135733297587
50507,USM,53.212978378174796,11.350841075841982
50451,USM,51.1739258539109,11.06961733349541
50510,USM,53.31305752103291,11.752776470765355
50466,USM,54.84394757709806,7.216870718454702
50475,USM,50.7902767544701,9.231061644625116
50521,USM,51.3579039497981,8.610903485140097
50461,USM,50.86731262812539,9.858774871633099
50453,USM,51.71010474553184,12.1250415070784
50439,USM,45.401081751263334,9.355920363915846
50485,USM,50.05723962329683,10.959032556178505
50512,USM,50.9654852549235,11.095823058869543
50463,USM,50.52543749128069,10.393664596141004
50455,USM,46.09269888438876,11.988140714677948
50497,USM,51.38615947299533,9.697494326599237
50458,USM,43.355103417048376,7.998160330979242
50522,USM,47.21820804050991,8.381258074162469
50495,USM,50.444936025710334,9.19533432778946
50476,USM,49.33802108159141,11.704935920972668
50483,USM,53.571402413504465,9.182475608151357
50493,USM,48.79834928966704,11.522961102355078
50482,USM,51.42647897629511,9.999324713879968
50527,USM,49.67202928331163,12.14509388442466
50479,USM,48.117830367315385,10.604230156824807
50509,USM,39.48939486912319,8.050055867157235
50462,USM,45.37827416071816,8.421202644985087
50432,USM,33.17997917296395,8.280556274362889
50450,USM,50.81094820537265,11.20672173020546
50446,USM,39.073353252713645,9.361134093743315
50489,USM,39.99198765224881,8.11448427894432
50490,USM,47.082371303013396,9.88415899814547
50477,USM,48.34397854880681,9.46207666918408
50456,USM,48.66162999471029,9.236246032564857
50441,USM,46.86805603996156,10.9684028311033
50471,USM,47.52868089221773,11.648210877055087
50438,USM,53.72988228570847,9.694360798614246
50465,USM,51.67488503834558,8.582059925583344
50442,USM,45.794794809250604,11.176859550065515
50481,USM,48.44014409988645,9.310142537087417
50501,USM,46.26658945234995,10.13419396846296
50504,USM,46.64301648215642,9.472583208634505
50487,USM,37.98766996039719,5.661847024307914
50474,USM,53.40208740839883,10.40368640234679
50532,USM,52.130405456300764,10.477832203667248
50517,USM,45.465213170127264,11.448942118059914
50524,USM,52.385630092923606,12.577651143313272
50448,USM,48.57795909094432,12.607584506370808
50478,USM,48.657399071587456,8.72733908234573
50470,USM,51.95975733560229,10.714112756543207
50609,Yale,40.93090617467487,4.466548887310167
50578,Yale,43.25232599652003,7.214821242549485
50613,Yale,46.547845053294346,8.83098903954903
50605,Yale,38.3810842907618,7.363861159591484
50626,Yale,46.071020489647275,8.026062356785763
50606,Yale,35.077540261404856,5.440990019786082
50569,Yale,46.65960181705535,8.372152877534399
50552,Yale,46.5388050987607,7.495235234523958
50556,Yale,44.14056416163369,6.970662453983502
50568,Yale,41.10229077414861,4.931342497068483
50608,Yale,34.58450400640094,8.314587235951844
50602,Yale,24.192017131381565,5.92275368924304
50576,Yale,47.49370435684446,7.816992830626573
50628,Yale,40.521673414442276,4.96810396481571
50620,Yale,42.97051729474749,4.640709648405071
50603,Yale,43.2312070150224,7.970484112531287
50570,Yale,41.968506858462376,7.141436016729371
50627,Yale,46.042392760988264,7.13053574127487
50610,Yale,41.58178238641648,5.884787751004259
50618,Yale,45.28680783226376,9.142700449123751
50611,Yale,44.69600212763226,9.72544204912318
50558,Yale,26.4980949522957,11.041613436834325
50601,Yale,42.88312896849617,8.347482461167518
50551,Yale,42.01438934083969,6.670933409885211
50553,Yale,20.102619905320424,6.881322974708342
50561,Yale,37.71302809034075,7.461850940549047
50577,Yale,43.866021231999476,7.87705608776835
50557,Yale,15.551062863970559,3.992471310258799
50625,Yale,48.27156717815097,8.03079561265473
50575,Yale,43.484333250257706,9.191069478362174
50554,Yale,38.228877446008106,2.499955533114884
50562,Yale,38.5646239992172,4.571828121537259
50573,Yale,45.11084783644903,8.305282616364368
50619,Yale,45.76898399231926,8.302734830472692
50563,Yale,47.55410669720362,7.689917405418347
50567,Yale,46.255473757547044,7.106122890363681
50621,Yale,52.60956129480581,3.4021252489837255
50560,Yale,41.75720556955489,5.122783417474021
50614,Yale,48.00638235182989,8.788420820909165
50616,Yale,39.89396855187795,3.8537426871031744
50571,Yale,43.482897349766326,5.688871915502811
50555,Yale,43.25128827776228,7.161791868521259
50572,Yale,45.6409842778766,7.21381433049535
50617,Yale,49.332403152708025,8.341417781848408
50559,Yale,41.96134709555005,5.14901170384537
50604,Yale,39.29798395671542,5.136317437913901
50565,Yale,42.97448464045449,5.6924042659339325
50574,Yale,42.217895205058745,6.124940401853837
50623,Yale,47.48620402623737,8.871480775157996
50607,Yale,41.01432863871256,7.776637945690591
50622,Yale,41.00320019797673,5.789961498315896
50566,Yale,48.1228813595242,7.499155708371735
50564,Yale,47.26321838015602,8.458469789628635
50612,Yale,48.377842585245766,9.062925967380083
50615,Yale,47.18287162175254,7.552557018339227
50624,Yale,44.516761053176154,7.214593904136326
50128,Olin,32.76752419905229,7.8407730864503495
50134,Olin,31.753587078738523,9.757678126359487
50137,Olin,26.498004727549368,9.437967501821495
50103,Olin,28.269709649024072,6.252458048612522
50125,Olin,35.915331481339095,11.694951768690407
50117,Olin,31.376668310784673,7.217680139987854
50136,Olin,28.98560131370247,12.675386697365674
50123,Olin,36.390054306426606,14.991709793867495
50107,Olin,31.27713188567719,12.655378121764624
50130,Olin,33.411250126826296,10.832725240999293
50113,Olin,30.326503976598964,11.840837911472905
50116,Olin,32.399459962721,11.086129273531835
50131,Olin,29.51496337296127,9.116108918078599
50118,Olin,28.147828424131717,9.87797364493285
50119,Olin,33.92874061287223,10.962969102747968
50115,Olin,36.0771352594549,10.378490817219904
50104,Olin,29.70181992766145,11.592616315872615
50124,Olin,38.25906671796526,13.136831181839126
50135,Olin,35.434052380648524,12.167942291362326
50109,Olin,31.936542288049473,8.108537373617821
50126,Olin,34.14000194103687,9.925172823766953
50108,Olin,34.03965585882013,11.552603523168134
50132,Olin,26.352035299524083,10.532737600423294
50120,Olin,29.403757219190723,13.09461332220806
50121,Olin,25.63080998210164,8.61277886017084
50122,Olin,37.782640184674946,15.516181077208447
50127,Olin,28.85456097590459,10.017463118351275
50112,Olin,33.613237703001346,10.973188962849154
50133,Olin,27.565501101605303,5.842162372102037
50102,Olin,33.954542704990935,9.454959247447437
50114,Olin,34.20139850269664,10.322132374132268
50110,Olin,24.820032565624683,10.342121156788904
50106,Olin,27.478755827073925,10.101807866501183
50129,Olin,37.21966255485238,9.93768097661368
50111,Olin,34.154867444719585,10.828141534849982
50105,Olin,31.503301570941876,9.361121971035077
50645,CMU_b,17.377912402153015,9.049040975224848
50644,CMU_b,38.412587680513894,19.359403485959525
50661,CMU_b,14.509898662567139,8.22069212505423
50669,CMU_b,19.673830895196822,5.985046037537894
50657,CMU_b,18.36739562806629,9.736724917578439
50658,CMU_b,19.74272584915161,7.33368178597282
50643,CMU_b,27.520282858893985,12.999927750965439
50655,CMU_b,18.87953305622888,14.795306058248224
50648,CMU_b,10.604304698434207,7.185590277613466
50652,CMU_b,20.246618808261932,6.062057440751106
50667,CMU_b,44.43923902511597,13.676223321638597
50650,CMU_b,31.537435602258753,9.52884739535833
50651,CMU_b,22.508801202925426,12.737318709292527
50259,Trinity,30.770591735839844,10.192845849989457
50240,Trinity,32.503457478114534,7.564134115907365
50241,Trinity,28.420171389504084,7.422438100697473
51137,Trinity,31.29598419250004,9.381104684207468
50237,Trinity,26.996875672113326,3.6521760989226486
50235,Trinity,32.52165608179001,7.298700297596383
50252,Trinity,28.707653106205047,7.871902119234687
50260,Trinity,32.00787256634425,10.055610848349607
50266,Trinity,30.16974411313496,5.673502965898324
50250,Trinity,31.024813697451638,8.60242424412036
50255,Trinity,28.015913766527934,6.169710594727464
50232,Trinity,24.59184019149296,8.509995435421315
50238,Trinity,32.63236884465293,10.357104002111377
51135,Trinity,31.513784075540208,6.607468057533927
50268,Trinity,30.7321902683803,10.25131735172576
50244,Trinity,25.187422676691934,8.615863202930154
50236,Trinity,35.051271302359446,10.842756708479357
50234,Trinity,29.487173110719713,6.37762531329132
51136,Trinity,30.66095205337282,6.267942728968743
50265,Trinity,32.61225185697041,8.580312748182722
50253,Trinity,28.677612501477437,6.763727967392603
50247,Trinity,29.14133239927746,6.657453931027142
50246,Trinity,27.85795243581136,8.07449753130901
51134,Trinity,31.407142593747093,6.54730147497251
50249,Trinity,29.949862404475137,8.295714104231749
50264,Trinity,28.21103572845459,6.686088312779485
51139,Trinity,30.606663476853143,6.405640196104218
50269,Trinity,31.946064737108017,5.577469690776073
50242,Trinity,27.603060707213388,6.558444999724671
50243,Trinity,31.705086526416597,8.284431073586562
50263,Trinity,27.775030998956588,7.082426473997996
51138,Trinity,30.76277708628821,6.322298866452514
51132,Trinity,28.891693433125813,7.309743343549429
50251,Trinity,29.38735686408149,6.537258879589066
51142,Trinity,28.81601141369532,5.1931975847109815
50267,Trinity,32.6836309887114,10.920988067546697
50270,Trinity,28.98448271978469,8.165710302864817
51140,Trinity,25.340726171221053,6.778082398513505
50262,Trinity,28.408438727969216,6.484844954849787
50261,Trinity,35.73674345773364,12.424810824131503
50257,Trinity,30.9348389156281,7.644286724718272
50254,Trinity,30.389489643157475,7.620427087335537
50233,Trinity,26.808148762536426,6.167778867906564
51141,Trinity,28.510235377720424,6.9560179556871
50239,Trinity,28.097994138324072,9.285298864902602
50271,Trinity,31.661335218520392,9.03385274080652
50245,Trinity,28.0637667065575,7.148138487283771
51133,Trinity,29.3274350544763,6.8393164637682
50248,Trinity,30.93652841779921,8.19089752402299
50205,SDSU,29.821577193245055,5.360306920428907
50202,SDSU,25.15112056429424,3.76032772526544
50211,SDSU,23.080286139533634,6.229826257144301
50207,SDSU,24.199005626496813,5.129894914621953
50215,SDSU,28.68877908918593,3.732281183810924
50192,SDSU,32.3604032879784,11.99941231467124
50203,SDSU,28.129933039347332,6.040059834117863
50212,SDSU,27.55970838334825,2.9400417489696093
50182,SDSU,21.791337770129008,7.177467119689842
50188,SDSU,28.99084236508324,9.076407634412535
50191,SDSU,30.148066293625604,5.688920738485448
50213,SDSU,28.2441039917961,4.919945139514947
50204,SDSU,30.699189958118257,5.736222359820081
50208,SDSU,31.023935045514786,7.121930722816266
50189,SDSU,27.847543171473912,6.426260894852661
50194,SDSU,28.51589186229403,4.041442888088878
50210,SDSU,26.378439116099525,4.139981909538344
50200,SDSU,27.639448907640244,5.860679220886735
50193,SDSU,30.569960109771245,4.590616698172858
50187,SDSU,25.619982250153072,4.18169345143831
50195,SDSU,30.855473245893204,4.119193414459735
50184,SDSU,23.560866348327153,6.21515940641205
50183,SDSU,27.93875609503852,3.985401409847505
50198,SDSU,26.695274519541908,3.8913782768901917
50217,SDSU,27.174538415575785,5.2543001245603405
50216,SDSU,25.697511778937447,6.758536571389708
50186,SDSU,25.93514341021341,4.018162101005238
50197,SDSU,25.40682874407087,4.103900580617229
50201,SDSU,26.393527575901576,7.051817553369107
50206,SDSU,30.318899896409775,6.849305955705822
50214,SDSU,28.882773868621342,4.302095394765835
50209,SDSU,24.084330165196977,4.729194476796729
50190,SDSU,26.460463796343124,6.04309633822311
50199,SDSU,29.595757938566663,8.804289751993618
50185,SDSU,25.321856211102197,3.788149031260524
50196,SDSU,27.235902710566446,5.238634276090696
50824,KKI,41.156110687861364,9.980346695912072
50812,KKI,45.59082303728376,10.077102492617346
50822,KKI,42.90396314954001,9.816939328350387
50778,KKI,41.85952175988091,10.24815712879216
50819,KKI,41.75229311746264,9.813920989162414
50779,KKI,44.37271835690453,10.146202620721873
50810,KKI,41.218054620046466,10.585843251480624
50772,KKI,38.484230904352096,12.113931126054077
50816,KKI,41.004303296407066,10.74279549791234
50775,KKI,44.11065354422917,11.820576524401122
50823,KKI,41.00920730166965,10.665243186995482
50806,KKI,40.4598941197471,11.38496209453182
50804,KKI,48.238852394951714,10.838126397246409
50821,KKI,41.370317580207946,10.925776000310032
50818,KKI,48.9394093165322,7.6995619681042164
50788,KKI,43.233710092211524,10.168657771548416
50798,KKI,41.199205625624884,11.150815551558535
50813,KKI,42.00621844094897,10.702969021287036
50794,KKI,43.271852523561506,9.563799686134578
50792,KKI,41.304384095328196,11.194164113043081
50774,KKI,38.139954566955566,8.223457585785612
50825,KKI,41.00598597148108,10.046284540853863
50785,KKI,40.08935198708186,12.203493496416792
50795,KKI,44.55914170401437,11.280204302693628
50790,KKI,41.10387815747942,10.345964676369226
50776,KKI,43.36353510902042,9.935022875432619
50787,KKI,42.46360512385293,10.633632796997318
50809,KKI,43.32613651336185,10.52561261732708
50817,KKI,41.63047275845967,8.665668565254697
50782,KKI,45.13782776726617,9.680535281026986
50773,KKI,44.333113655211434,10.501825038473273
50800,KKI,36.6064191394382,12.78271239600758
50799,KKI,33.96357185121567,10.547992824943499
50801,KKI,43.19586693294465,10.166296867839275
50802,KKI,41.505047026134676,10.179728221866265
50777,KKI,43.48248508998326,9.937669280803991
50786,KKI,43.60480300963871,10.25798889767593
50781,KKI,39.08470883445134,12.111437154443736
50807,KKI,40.430860216655425,11.009912224082298
50814,KKI,41.46102175636897,10.28303551309048
50808,KKI,40.666729775686115,10.712668068240198
50784,KKI,46.10195562574599,9.090408119747176
50793,KKI,43.36825721982925,9.709428848270278
50797,KKI,41.485797079782635,10.363323882353571
50791,KKI,39.744003871130566,11.630848776122036
50815,KKI,38.511066209702264,11.23778765649458
50826,KKI,41.02943759494357,10.879831302878927
50805,KKI,40.850772978767516,12.12104537920133
50803,KKI,41.22483383663117,9.924488507274365
50789,KKI,42.18493955097501,11.232654186389047
50796,KKI,40.89588552808005,5.2931816770483175
50820,KKI,39.30213745056637,11.018735280255571
50783,KKI,42.66731630052839,10.285852129082553
50811,KKI,40.06611519768124,11.054367559817647
50780,KKI,42.93103753952753,10.94657817451434
51318,MaxMun_a,11.887789302402073,6.599990537700525
51372,MaxMun_a,17.405073771401057,3.7768420335902655
51320,MaxMun_a,14.740738898988754,5.140685776436153
51369,MaxMun_a,12.298309969523597,3.376308395288656
51365,MaxMun_a,15.644117938147652,3.911436858665305
51370,MaxMun_a,12.953322433290028,3.7753426609220377
51363,MaxMun_a,17.830090144323925,4.414022180479594
51364,MaxMun_a,13.692706013482715,4.668170126569069
51367,MaxMun_a,15.553386037311856,3.9188518554455336
51368,MaxMun_a,16.508230542379714,4.060864826264638
51319,MaxMun_a,12.350147035386827,3.8318366460287367
51373,MaxMun_a,9.72840119921972,4.227547271144794
51607,MaxMun_a,14.485997048635332,5.164603218036506
51371,MaxMun_a,18.406760359567308,6.035471174543344
51606,MaxMun_a,16.174631837814573,4.721920444145259
51321,MaxMun_a,17.1728227781871,4.993141220439766
51362,MaxMun_a,18.589167761424232,5.848405577010055
51366,MaxMun_a,12.220249024648515,4.048894758330058
50315,UM_1,54.60806381225586,1.7982276654395497
50367,UM_1,54.95143875122071,1.892234891055432
50308,UM_1,57.08449890136719,2.423955728405106
50365,UM_1,54.47769073486328,1.0315364658629158
50278,UM_1,56.26538320688101,0.7423787017897794
50312,UM_1,55.38275115966797,1.6485386680451986
50295,UM_1,58.09059143066406,0.12777172062420197
50292,UM_1,55.2181396484375,0.14795072915284035
50275,UM_1,57.764984130859375,0.12638088521468507
50369,UM_1,57.044710845947264,2.1888121349482383
50346,UM_1,55.079121907552086,0.13244992239949782
50318,UM_1,55.52383926391602,1.6772980285908352
50371,UM_1,53.9654475402832,2.3335183308412795
50349,UM_1,53.27644348144531,1.6698502999762777
50276,UM_1,39.811258739895294,4.955222781989747
50302,UM_1,57.053778330485024,0.7234358898479071
50321,UM_1,55.53699722290039,1.3743006212946014
50272,UM_1,41.18281355358305,8.291387632598632
50300,UM_1,57.53671646118164,2.5659891161380592
50373,UM_1,54.84740997314453,1.4057019837679243
50348,UM_1,50.9982058207194,0.828266604958094
50350,UM_1,56.18115488688151,0.4030489262683408
50289,UM_1,57.90156936645508,0.139878356371853
50283,UM_1,40.291672752017064,5.550737368153542
50296,UM_1,54.87378463745117,1.5827201835316054
50344,UM_1,54.761844635009766,2.4210803876197806
50317,UM_1,52.57549353206859,2.2761890132359555
50273,UM_1,41.1383901323591,8.276413235415474
50305,UM_1,53.74297317504883,2.038767999943227
50297,UM_1,55.09451675415039,0.12802003197598052
50307,UM_1,55.95822677612305,1.878527365846947
50309,UM_1,53.83932966344497,0.6083425550479853
50303,UM_1,54.62629531860352,1.7109415903931435
50341,UM_1,58.28250630696615,0.10384716842153767
50368,UM_1,54.90437545776367,1.8843169601107075
50381,UM_1,55.86246322631836,1.9884079284387641
50293,UM_1,57.072583516438804,0.09227159384765904
50323,UM_1,52.45439666748047,0.8395980673495178
50284,UM_1,51.69854990641276,0.8183665567492858
50372,UM_1,56.48623123168945,2.2690605478350236
50374,UM_1,56.437019195556644,2.1720984398316143
50354,UM_1,55.68844575148363,1.5612147997448595
50280,UM_1,54.344563751220704,1.8113819141111773
50324,UM_1,53.12415725708008,1.8002232481631437
50337,UM_1,54.01770889282226,2.1925592285578897
50353,UM_1,57.58087158203125,0.3044983848486707
50287,UM_1,39.813229545714364,9.041453422354033
50378,UM_1,54.53568939208984,1.8605834433451398
50314,UM_1,52.77563980102539,1.7246143430746554
50364,UM_1,55.7158853149414,1.7763929560366318
50361,UM_1,56.29441131591797,1.857871579511205
50362,UM_1,57.98269638061524,1.8400649611478446
50366,UM_1,56.618344116210935,2.47859786597623
50294,UM_1,57.25405502319336,0.058876431160524635
50335,UM_1,53.80032602945963,0.5049797587008931
50363,UM_1,55.616867523193356,3.4744654943798206
50340,UM_1,57.690826416015625,0.1802405790691288
50357,UM_1,55.827396850585934,2.3592772043185297
50306,UM_1,56.18789291381836,2.187038317411565
50375,UM_1,57.203758544921875,1.632216454753026
50358,UM_1,59.28110122680664,0.09280041163423391
50299,UM_1,57.404144287109375,0.21594165212368516
50325,UM_1,55.2331608581543,1.747256244586086
50355,UM_1,57.94270324707031,0.7145685044000506
50331,UM_1,53.25699106852213,2.384293481913024
50313,UM_1,56.023605804443356,2.806532654662828
50333,UM_1,57.928174336751304,0.22527632000839065
50377,UM_1,54.974596405029295,2.504556212014853
50288,UM_1,44.57504511636401,10.667191009790402
50376,UM_1,57.15269241333008,2.3325155771523733
50274,UM_1,41.38429908146934,7.923585782002528
50342,UM_1,59.60520807902018,0.3247547184005502
50360,UM_1,56.715904235839844,0.36296112531590835
50290,UM_1,58.366772969563804,0.16971929420078236
50320,UM_1,56.1226708984375,1.8854910606411057
50316,UM_1,53.94555816650391,1.5343023086403156
50281,UM_1,57.26483154296875,0.24153101136196733
50277,UM_1,38.63572995624845,3.9915037527709463
50291,UM_1,56.97895812988281,0.31137990883835165
50345,UM_1,57.06090291341146,0.07360184673110268
50279,UM_1,55.45579040527344,2.0509239733593407
50347,UM_1,57.129150390625,0.21432362204839403
50311,UM_1,54.44610458374024,2.140254589404485
50370,UM_1,55.98766510009766,1.638898444791893
50332,UM_1,55.961047973632816,1.9138666267492495
50282,UM_1,55.45152938842774,1.493259460163579
50310,UM_1,55.622461853027346,2.6536998539711973
50343,UM_1,54.6366081237793,2.4346786557110476
50322,UM_1,53.414100341796875,1.0601673206039335
50356,UM_1,55.755514221191405,2.220637092778973
50352,UM_1,51.651678721110024,0.8444107689707127
50285,UM_1,50.90742746988932,0.14901363334268045
50304,UM_1,51.84209991455078,1.8983807695637223
50359,UM_1,54.541681365966795,2.158957134441381
50338,UM_1,58.217603047688804,0.6468506852548206
50301,UM_1,55.24418258666992,0.25593166129847017
50328,UM_1,38.64863444131518,5.26322703091216
50286,UM_1,55.45579040527344,2.0509239733593407
50327,UM_1,40.07502810160319,6.034286388029034
50319,UM_1,56.28611755371094,1.5992453260158184
50339,UM_1,54.59697341918945,0.3999185768559109
50330,UM_1,55.040382385253906,0.22404109661919236
50380,UM_1,55.960618286132814,1.8825225672910728
50298,UM_1,58.23543802897135,0.7400684929926706
50334,UM_1,58.507025400797524,1.8638992253783222
50326,UM_1,51.28906810984892,1.5603447483443271
50329,UM_1,53.91025680541992,1.5981032843071372
50351,UM_1,50.50108210245768,3.5342619736313843
50379,UM_1,55.993087158203124,1.868024214447864
50336,UM_1,51.8171641031901,0.6154829186321281
